
 
<!DOCTYPE hibernate-configuration PUBLIC
          "-//Hibernate/Hibernate Configuration DTD 3.0//EN"
          "http://hibernate.sourceforge.net/hibernate-configuration-3.0.dtd">

<hibernate-configuration>
        <session-factory>
                <property name="hbm2ddl.auto">update</property>
                <property name="hibernate.connection.driver_class">org.postgresql.Driver</property>
                <!--  for live jdbc:postgresql://10.134.80.132:3320/ -->
         <property name="hibernate.connection.url">jdbc:postgresql://localhost:5432/vcenter</property>
       <property name="hibernate.connection.username">postgres</property>
                <property name="hibernate.connection.password">admin</property>   
                 
 			 <!-- <property name="hibernate.connection.username">postgres</property>
			<property name="hibernate.connection.password">Tcs#1234</property>       -->
	 
                 <property name="hibernate.dialect">org.hibernate.dialect.PostgreSQLDialect</property>
				
				<!--hibernate.cfg.xml -->
				<property name="use_sql_comments">true</property>
<!-- 				<property name="show_sql">true</property> Show SQL in console
 -->
                <!-- C3PO Connection Pooling -->

  <property name="hibernate.c3p0.min_size">5</property>
  <property name="hibernate.c3p0.max_size">300</property>
  <property name="hibernate.c3p0.timeout">150</property>
  <property name="hibernate.c3p0.max_statements">50</property>
  <property name="hibernate.c3p0.idle_test_period">3000</property>
 <!--  <property name="hibernate.c3p0.privilegeSpawnedThreads">true</property>
<property name="hibernate.c3p0.contextClassLoaderSource">library</property> -->

<!-- <mapping resource="Logs.hbm.xml"></mapping>
 -->        </session-factory>
</hibernate-configuration>
 